,time_ms,delta_ms,accel_ms2_x,accel_ms2_y,accel_ms2_z,mag_uT_x,mag_uT_y,mag_uT_z,gyro_degs_x,gyro_degs_y,gyro_degs_z,euler_deg_x,euler_deg_y,euler_deg_z,quaternion_w,quaternion_x,quaternion_y,quaternion_z,lin_accel_ms2_x,lin_accel_ms2_y,lin_accel_ms2_z,gravity_ms2_x,gravity_ms2_y,gravity_ms2_z
0,0.0,0,-8.26,-0.92,-1.35,-23.5625,3.875,38.5,0.023333333333333334,-0.0011111111111111111,0.006666666666666667,277.375,-80.375,143.1875,138428416.0,-138067968.0,147570688.0,107102208.0,-1.32,0.1,0.13,-9.66,-0.97,-1.3
1,17.755,17,-9.71,-0.87,-1.17,-23.5625,3.875,38.5,0.03888888888888889,-0.005555555555555556,0.01,277.375,-80.375,143.1875,138461184.0,-138018816.0,147587072.0,107085824.0,-1.32,0.16,0.21,-9.66,-0.97,-1.3
2,28.189,10,-9.71,-0.81,-1.09,-23.5625,3.875,38.5,0.05,-0.023333333333333334,0.015555555555555555,277.375,-80.375,143.125,138510336.0,-137953280.0,147619840.0,107085824.0,-1.35,0.2,0.25,-9.67,-0.97,-1.3
3,37.702,9,-8.47,-0.76,-1.05,-23.875,4.5625,37.5625,0.04,-0.04,0.028888888888888888,277.375,-80.4375,143.125,138543104.0,-137887744.0,147619840.0,107102208.0,-1.34,0.2,0.28,-9.67,-0.97,-1.29
4,46.794000000000004,9,-8.46,-0.76,-1.01,-23.875,4.5625,37.5625,0.008888888888888889,-0.044444444444444446,0.03111111111111111,277.375,-80.4375,143.125,138559488.0,-137838592.0,147619840.0,107151360.0,-1.35,0.05,0.16,-9.67,-0.97,-1.29
5,55.912000000000006,9,-8.47,-0.91,-1.12,-31.875,4.5625,37.5625,-0.1688888888888889,-0.042222222222222223,0.016666666666666666,277.3125,-80.5,143.0625,138559488.0,-137822208.0,147587072.0,107216896.0,-1.38,-0.03,0.12,-9.67,-0.96,-1.29
6,66.501,10,-8.49,-1.0,-1.16,-31.875,4.5625,37.5625,-0.17333333333333334,-0.04111111111111111,0.006666666666666667,277.3125,-80.5,143.0,138575872.0,-137822208.0,147537920.0,107266048.0,-1.37,-0.03,0.12,-9.67,-0.96,-1.28
7,76.884,10,-8.48,-0.99,-1.16,-31.875,4.5625,37.5625,-0.1511111111111111,-0.03666666666666667,0.012222222222222223,277.3125,-80.5,142.9375,138608640.0,-137789440.0,147521536.0,107298816.0,-1.33,0.0,0.1,-9.67,-0.96,-1.28
8,86.857,9,-8.44,-0.96,-1.17,-23.875,4.5625,37.5625,0.0022222222222222222,-0.03111111111111111,0.028888888888888888,277.3125,-80.5625,142.9375,138608640.0,-137740288.0,147521536.0,107347968.0,-1.35,0.09,0.15,-9.67,-0.96,-1.28
9,95.836,8,-8.47,-0.86,-1.12,-23.1875,3.875,39.6875,0.0022222222222222222,-0.03111111111111111,0.028888888888888888,285.3125,-80.5625,142.9375,138625024.0,-137691136.0,147521536.0,107413504.0,-1.32,0.04,0.1,-9.67,-0.96,-1.27
10,106.16000000000001,10,-8.43,-0.91,-1.17,-31.1875,3.875,39.6875,-0.14444444444444443,-0.04666666666666667,0.04555555555555556,277.25,-80.625,143.0625,138625024.0,-137625600.0,147521536.0,107479040.0,-1.3,0.06,0.06,-9.67,-0.95,-1.27
11,116.56800000000001,10,-8.42,-0.88,-1.2,-31.1875,3.875,39.6875,-0.15333333333333332,-0.057777777777777775,0.034444444444444444,277.1875,-80.6875,143.0,138641408.0,-137576448.0,147488768.0,107544576.0,0.1,0.15,-0.03,-8.39,-0.95,-1.26
12,126.93099999999998,10,-8.29,-0.79,-1.3,-31.1875,3.875,39.6875,-0.17,-0.06666666666666667,0.02666666666666667,277.1875,-80.6875,143.0,138657792.0,-137543680.0,147456000.0,107626496.0,0.14,0.04,-0.11,-8.39,-0.94,-1.26
13,136.939,10,-8.24,-0.9,-1.37,-23.1875,3.875,39.6875,-0.17777777777777778,-0.06444444444444444,0.02,277.125,-80.75,142.9375,138657792.0,-137527296.0,147406848.0,107708416.0,0.09,0.0,-0.14,-8.39,-0.94,-1.25
14,145.907,8,-8.3,-0.94,-1.4,-23.5625,5.0,38.0625,-0.17777777777777778,-0.06444444444444444,0.02,285.125,-80.75,142.9375,138674176.0,-137494528.0,147390464.0,107757568.0,0.1,-0.04,-0.17,-8.4,-0.94,-1.25
15,154.882,8,-8.29,-0.99,-1.42,-23.5625,5.0,38.0625,-0.011111111111111112,-0.05444444444444444,0.015555555555555555,285.125,-80.75,142.875,138723328.0,-137445376.0,147374080.0,107773952.0,0.01,-0.13,-0.05,-8.4,-0.94,-1.24
16,164.706,9,-8.38,-1.07,-1.3,-31.5625,5.0,38.0625,0.023333333333333334,-0.05,0.013333333333333334,277.125,-80.8125,142.6875,138788864.0,-137396224.0,147357696.0,107773952.0,0.0,0.02,-0.04,-8.4,-0.94,-1.24
17,175.44799999999998,10,-8.39,-0.91,-1.29,-31.5625,5.0,38.0625,0.05333333333333334,-0.051111111111111114,0.006666666666666667,277.1875,-80.8125,142.5,138887168.0,-137297920.0,147374080.0,107741184.0,0.07,0.09,-0.07,-8.4,-0.94,-1.23
18,186.065,10,-8.33,-0.85,-1.3,-23.5625,5.0,38.0625,0.08666666666666667,-0.058888888888888886,0.0033333333333333335,277.25,-80.875,142.375,141099008.0,-137199616.0,147390464.0,107708416.0,0.11,0.14,-0.13,-8.4,-0.94,-1.22
19,195.084,9,-8.29,-0.79,-1.36,-32.25,4.25,37.25,0.11,-0.06444444444444444,0.01,277.25,-80.875,142.375,141099008.0,-137199616.0,147390464.0,107708416.0,0.09,0.2,-0.2,-8.4,-0.94,-1.22
20,204.035,8,-8.3,-0.74,-1.42,-32.25,4.25,37.25,0.12,-0.06,0.02,285.3125,-80.875,142.25,141197312.0,-137068544.0,147439616.0,107675648.0,0.11,0.2,-0.18,-8.4,-0.94,-1.22
21,214.001,9,-8.29,-0.74,-1.4,-32.25,4.25,37.25,0.11555555555555555,-0.051111111111111114,0.021111111111111112,285.375,-80.9375,142.25,139231232.0,-136839168.0,147554304.0,107626496.0,0.08,0.19,-0.17,-8.4,-0.94,-1.21
22,224.998,10,-8.32,-0.74,-1.38,-32.25,4.25,37.25,0.10333333333333333,-0.04111111111111111,0.021111111111111112,277.4375,-80.9375,142.25,139296768.0,-136757248.0,147619840.0,107593728.0,-1.37,0.13,-0.07,-8.4,-0.94,-1.21
23,235.89499999999998,10,-8.5,-0.8,-1.28,-32.25,4.25,37.25,0.09444444444444444,-0.028888888888888888,0.017777777777777778,277.4375,-80.9375,142.25,139345920.0,-136675328.0,147668992.0,107544576.0,-1.44,0.1,-0.01,-8.4,-0.93,-1.21
24,244.857,8,-8.57,-0.83,-1.22,-23.5625,4.25,38.5,0.09,-0.016666666666666666,0.014444444444444444,277.5,-81.0,142.1875,139345920.0,-136675328.0,147668992.0,107544576.0,-1.54,0.01,0.05,-9.68,-0.93,-1.2
25,253.81900000000002,8,-8.67,-0.92,-1.15,-23.5625,4.25,38.5,0.08555555555555555,-0.02,0.017777777777777778,285.5,-81.0,142.1875,139476992.0,-136511488.0,147734528.0,107479040.0,-1.59,0.0,0.02,-9.68,-0.93,-1.2
26,264.374,10,-8.72,-0.94,-1.18,-31.5625,4.25,38.5,0.08333333333333333,-0.03111111111111111,0.013333333333333334,277.625,-81.0,142.0,139558912.0,-136429568.0,147767296.0,107462656.0,-1.71,-0.09,-0.06,-8.4,-0.93,-1.2
27,275.4,11,-8.84,-1.03,-1.26,-31.5625,4.25,38.5,0.07888888888888888,-0.04,0.013333333333333334,277.625,-81.0625,141.9375,139624448.0,-136331264.0,147783680.0,107446272.0,-1.91,-0.36,-0.14,-8.4,-0.93,-1.19
28,286.127,10,-10.31,-1.3,-1.34,-23.5625,4.25,38.5,0.08222222222222222,-0.043333333333333335,0.024444444444444446,277.625,-81.0625,141.9375,139722752.0,-136200192.0,147832832.0,107413504.0,-1.88,-0.45,-0.16,-8.4,-0.93,-1.19
29,295.23199999999997,9,-10.29,-1.38,-1.35,-22.75,3.875,38.875,0.12444444444444444,-0.051111111111111114,0.03333333333333333,277.6875,-81.0625,141.8125,141819904.0,-136200192.0,147832832.0,107413504.0,-1.81,-0.3,-0.15,-8.41,-0.93,-1.18
30,304.19,8,-8.94,-1.23,-1.33,-30.75,3.875,38.875,0.22333333333333333,-0.07666666666666666,0.052222222222222225,285.8125,-81.125,141.6875,140132352.0,-135659520.0,148078592.0,107216896.0,-1.69,0.22,0.14,-9.69,-0.93,-1.17
31,315.182,10,-8.82,-0.7,-1.02,-30.75,3.875,38.875,0.31777777777777777,-0.08555555555555555,0.056666666666666664,286.125,-81.25,141.3125,140378112.0,-135348224.0,148242432.0,107069440.0,-1.76,0.37,0.42,-9.69,-0.92,-1.16
32,326.087,10,-8.9,-0.55,-0.74,-30.75,3.875,38.875,0.29,-0.056666666666666664,0.04777777777777778,278.25,-81.3125,141.1875,142671872.0,-135102464.0,148373504.0,106938368.0,-2.04,0.38,0.66,-9.69,-0.92,-1.15
33,336.571,10,-10.45,-0.53,-0.49,-22.75,3.875,38.875,0.29,-0.056666666666666664,0.04777777777777778,278.375,-81.3125,140.875,142852096.0,-134905856.0,148439040.0,106856448.0,-2.13,0.48,0.71,-9.69,-0.92,-1.14
34,345.58,9,-10.55,-0.43,-0.42,-23.5625,4.5625,38.5,0.06333333333333334,-0.08222222222222222,0.011111111111111112,278.375,-81.3125,140.875,142983168.0,-134823936.0,148373504.0,106856448.0,-2.08,0.53,0.55,-9.69,-0.93,-1.13
35,354.567,8,-10.5,-0.4,-0.57,-31.5625,4.5625,38.5,0.06333333333333334,-0.10777777777777778,-0.022222222222222223,286.375,-81.4375,140.1875,143048704.0,-134823936.0,148226048.0,106971136.0,-2.12,0.41,0.22,-9.69,-0.93,-1.12
36,365.437,10,-10.54,-0.52,-0.89,-31.5625,4.5625,38.5,-0.06777777777777778,-0.1388888888888889,-0.03111111111111111,286.3125,-81.5,139.9375,143065088.0,-134856704.0,148045824.0,107184128.0,-2.27,-0.04,-0.02,-8.41,-0.93,-1.1
37,376.524,11,-10.69,-0.98,-1.13,-31.5625,4.5625,38.5,-0.20777777777777778,-0.16333333333333333,0.014444444444444444,278.125,-81.5625,139.6875,143032320.0,-134905856.0,147832832.0,107446272.0,-2.49,-0.85,-0.27,-8.42,-0.92,-1.09
38,386.812,10,-10.91,-1.78,-1.36,-23.5625,4.5625,38.5,-0.20777777777777778,-0.16333333333333333,0.014444444444444444,278.0,-81.625,139.4375,143048704.0,-134905856.0,147652608.0,107675648.0,-1.33,-0.96,-0.43,-8.42,-0.92,-1.08
39,395.81699999999995,9,-11.03,-1.89,-1.51,-22.375,5.0,39.25,-0.15222222222222223,-0.15888888888888889,0.016666666666666666,278.0,-81.625,139.4375,143048704.0,-134905856.0,147652608.0,107675648.0,-1.63,-1.21,-0.53,-8.42,-0.92,-1.06
40,404.789,8,-11.33,-2.13,-1.6,-30.375,5.0,39.25,-0.03222222222222222,-0.14333333333333334,0.03111111111111111,278.0,-81.75,138.875,143278080.0,-134627328.0,147554304.0,107855872.0,-2.31,-1.78,-0.38,-8.42,-0.91,-1.05
41,415.75600000000003,10,-10.74,-2.7,-1.44,-30.375,5.0,39.25,0.12777777777777777,-0.15888888888888889,0.04888888888888889,278.1875,-81.8125,138.125,143605760.0,-134365184.0,147537920.0,107757568.0,-2.38,-1.1,-0.28,-8.42,-0.92,-1.03
42,426.87199999999996,11,-10.81,-2.02,-1.32,-30.375,5.0,39.25,0.3811111111111111,-0.2633333333333333,-0.21555555555555556,286.5625,-81.875,136.625,144146432.0,-134119424.0,147423232.0,107511808.0,-2.27,-0.52,-0.33,-8.42,-0.94,-1.0
43,437.108,10,-10.7,-1.46,-1.34,-22.375,5.0,39.25,0.3811111111111111,-0.2633333333333333,-0.21555555555555556,286.875,-81.875,134.625,142655488.0,-134004736.0,147128320.0,107233280.0,-2.21,-0.06,-0.4,-8.42,-0.98,-0.97
44,446.189,9,-10.64,-1.05,-1.37,-22.75,5.375,38.5,0.3111111111111111,-0.3188888888888889,-0.3622222222222222,286.875,-81.875,134.625,143245312.0,-134021120.0,146702336.0,107003904.0,-2.1,0.48,-0.53,-9.7,-1.02,-0.94
45,455.175,8,-10.52,-0.54,-1.47,-30.75,5.375,38.5,0.18777777777777777,-0.3322222222222222,-0.4477777777777778,287.5,-81.75,130.3125,143736832.0,-134103040.0,146227200.0,106872832.0,-1.81,0.75,-0.67,-8.42,-1.06,-0.9
46,466.09000000000003,10,-11.52,-0.31,-1.58,-30.75,5.375,38.5,0.0044444444444444444,-0.3288888888888889,-0.37555555555555553,287.6875,-81.6875,128.4375,144162816.0,-134184960.0,145768448.0,106823680.0,-1.64,1.02,-0.87,-8.42,-1.1,-0.87
47,477.107,11,-11.34,-0.07,-1.75,-30.75,5.375,38.5,-0.18,-0.30333333333333334,-0.25222222222222224,287.75,-81.6875,127.0,144474112.0,-134234112.0,145375232.0,106872832.0,-1.48,1.12,-1.11,-8.42,-1.12,-0.85
48,487.183,10,-11.19,0.0,-1.96,-22.75,5.375,38.5,-0.03777777777777778,-0.30333333333333334,-0.25222222222222224,287.75,-81.75,126.125,144654336.0,-134217728.0,145113088.0,107020288.0,-1.49,1.06,-1.33,-8.42,-1.13,-0.82
49,496.269,9,-11.19,-0.06,-2.15,-23.1875,5.375,40.0625,-0.2088888888888889,-0.25,-0.07888888888888888,287.75,-81.75,126.125,144637952.0,-134103040.0,145063936.0,107249664.0,-1.71,0.76,-1.25,-8.42,-1.12,-0.81
50,505.36199999999997,9,-11.42,-0.35,-2.07,-31.1875,5.375,40.0625,-0.07,-0.14333333333333334,0.13111111111111112,279.4375,-82.0,126.8125,144424960.0,-133922816.0,145244160.0,107495424.0,-2.22,0.41,-0.93,-8.43,-1.09,-0.81
51,516.236,10,-10.65,-0.67,-1.75,-31.1875,5.375,40.0625,-0.19777777777777777,0.09777777777777778,0.3477777777777778,279.25,-82.0625,127.9375,144146432.0,-133775360.0,145506304.0,107724800.0,-4.27,-0.61,-0.08,-8.43,-1.05,-0.82
52,527.215,10,-12.71,-1.67,-0.91,-31.1875,5.375,40.0625,-0.2644444444444444,0.06333333333333334,0.20777777777777778,279.0625,-82.1875,128.75,143917056.0,-133742592.0,145620992.0,107905024.0,-4.47,-0.9,0.1,-9.71,-1.03,-0.83
53,537.42,10,-12.91,-1.94,-0.72,-23.1875,5.375,40.0625,-0.2644444444444444,0.06333333333333334,0.20777777777777778,278.875,-82.1875,128.625,143802368.0,-133939200.0,145408000.0,108101632.0,-4.43,-0.78,-0.22,-8.43,-1.04,-0.83
54,546.4409999999999,9,-12.87,-1.82,-1.06,-23.1875,4.25,38.875,-0.2777777777777778,-0.04666666666666667,-0.03777777777777778,286.875,-82.1875,128.625,143736832.0,-134348800.0,144867328.0,108396544.0,-4.22,-0.82,-0.8,-8.43,-1.05,-0.81
55,555.442,9,-11.38,-1.88,-1.62,-31.1875,4.25,38.875,-0.48777777777777775,-0.1988888888888889,-0.23555555555555555,286.5,-82.0625,126.375,143687680.0,-134889472.0,144130048.0,108789760.0,-2.47,-1.68,-1.51,-8.43,-1.08,-0.79
56,566.444,11,-10.9,-2.76,-2.31,-31.1875,4.25,38.875,-0.7944444444444444,-0.2811111111111111,-0.40444444444444444,286.3125,-82.0,124.9375,143671296.0,-135462912.0,143343616.0,109133824.0,-2.43,-1.96,-1.67,-9.71,-1.11,-0.78
57,577.4580000000001,11,-10.86,-3.07,-2.45,-31.1875,4.25,38.875,-0.49,-0.28555555555555556,-0.4444444444444444,286.25,-81.875,123.3125,143785984.0,-135954432.0,142589952.0,109346816.0,-2.11,-2.01,-1.67,-8.42,-1.15,-0.75
58,587.511,10,-10.54,-3.16,-2.43,-23.1875,4.25,38.875,-0.22555555555555556,-0.3022222222222222,-0.45555555555555555,286.375,-81.75,121.5625,144080896.0,-136265728.0,141967360.0,109379584.0,-1.74,-1.57,-1.66,-8.42,-1.19,-0.73
59,596.5409999999999,9,-11.44,-2.77,-2.39,-22.0625,4.5625,40.5,-0.22555555555555556,-0.3022222222222222,-0.45555555555555555,286.625,-81.625,119.6875,144539648.0,-136413184.0,141492224.0,109215744.0,-1.52,-0.85,-1.31,-8.42,-1.23,-0.7
60,605.626,9,-11.22,-2.09,-2.01,-30.0625,4.5625,40.5,0.034444444444444444,-0.28555555555555556,-0.46111111111111114,286.9375,-81.4375,117.9375,147177472.0,-136413184.0,141131776.0,108937216.0,-1.56,-0.87,-0.89,-8.41,-1.28,-0.68
61,616.582,10,-11.26,-2.15,-1.57,-30.0625,4.5625,40.5,0.3322222222222222,-0.24444444444444444,-0.47888888888888886,287.375,-81.3125,116.1875,147816448.0,-136380416.0,140820480.0,108527616.0,-1.6,-0.73,-0.55,-9.69,-1.32,-0.65
62,627.769,11,-11.3,-2.06,-1.21,-22.0625,4.5625,40.5,0.37333333333333335,-0.29444444444444445,-0.5633333333333334,287.875,-81.0625,114.1875,148537344.0,-136331264.0,140443648.0,108068864.0,-2.38,-0.04,-0.71,-8.4,-1.38,-0.62
63,637.676,9,-10.79,-1.42,-1.33,-22.0625,4.5625,40.5,0.3477777777777778,-0.3522222222222222,-0.62,296.375,-80.875,112.0625,147226624.0,-136331264.0,139968512.0,107626496.0,-2.13,-0.04,-0.94,-8.4,-1.43,-0.58
64,646.7230000000001,9,-10.54,-1.48,-1.53,-23.1875,1.5625,40.875,0.3477777777777778,-0.3522222222222222,-0.62,296.875,-80.5625,110.0625,147980288.0,-136364032.0,139476992.0,107184128.0,-2.12,-0.08,-0.99,-8.39,-1.5,-0.54
65,655.6959999999999,8,-10.51,-1.58,-1.54,-31.1875,1.5625,40.875,0.3088888888888889,-0.33111111111111113,-0.65,297.4375,-80.3125,108.3125,148701184.0,-136413184.0,139018240.0,106692608.0,-2.0,-0.19,-0.83,-8.38,-1.56,-0.51
66,666.566,10,-10.39,-1.75,-1.35,-31.1875,1.5625,40.875,0.29,-0.2411111111111111,-0.6077777777777778,297.9375,-80.0,106.8125,151552000.0,-136380416.0,138674176.0,106119168.0,-1.95,-0.08,-0.48,-9.65,-1.62,-0.48
67,677.563,10,-10.33,-1.7,-0.97,-31.1875,1.5625,40.875,0.5788888888888889,-0.20444444444444446,-0.5411111111111111,298.5625,-79.75,105.375,152338432.0,-136216576.0,138461184.0,105480192.0,-1.91,-0.03,-0.09,-8.37,-1.67,-0.46
68,687.5949999999999,10,-10.28,-1.7,-0.55,-23.1875,1.5625,40.875,0.5788888888888889,-0.20444444444444446,-0.5411111111111111,299.1875,-79.5625,104.125,151044096.0,-135938048.0,138362880.0,104775680.0,-1.9,-0.22,0.38,-9.64,-1.72,-0.43
69,696.6510000000001,9,-10.26,-1.94,-0.04,-23.1875,0.1875,44.0625,0.7055555555555556,-0.17444444444444446,-0.4855555555555556,291.1875,-79.5625,104.125,151912448.0,-135659520.0,138280960.0,103989248.0,-1.31,0.8,0.61,-9.63,-1.77,-0.4
70,705.611,8,-9.66,-0.96,0.2,-31.1875,0.1875,44.0625,0.7611111111111111,-0.16111111111111112,-0.5488888888888889,300.6875,-78.9375,101.5,152846336.0,-135446528.0,138051584.0,103170048.0,0.36,1.2,0.43,-9.62,-1.83,-0.37
71,716.637,11,-7.98,-0.63,0.06,-31.1875,0.1875,44.0625,0.5933333333333334,-0.22,-0.6977777777777778,301.3125,-78.625,100.1875,155811840.0,-135364608.0,137740288.0,102400000.0,0.3,1.18,0.34,-9.61,-1.9,-0.34
72,727.3969999999999,10,-8.02,-0.71,0.0,-31.1875,0.1875,44.0625,0.3055555555555556,-0.13333333333333333,-0.7033333333333334,301.9375,-78.25,99.3125,156532736.0,-135413760.0,137396224.0,101679104.0,0.1,0.92,0.5,-9.6,-1.96,-0.32
73,737.5169999999999,10,-8.21,-1.03,0.18,-31.1875,0.1875,44.0625,0.4477777777777778,-0.13333333333333333,-0.7033333333333334,302.5625,-77.875,98.75,157122560.0,-135561216.0,137134080.0,100941824.0,-1.67,0.55,1.15,-9.58,-2.02,-0.31
74,746.6,9,-8.69,-1.47,0.83,-30.75,-1.6875,44.0625,0.38,-0.022222222222222223,-0.6722222222222223,294.5625,-77.875,98.75,155533312.0,-135757824.0,136904704.0,100204544.0,-1.95,0.24,1.45,-9.57,-2.09,-0.31
75,755.711,9,-8.96,-1.84,1.14,-30.75,-1.6875,44.0625,0.3433333333333333,0.03666666666666667,-0.6522222222222223,303.625,-77.125,98.0625,156041216.0,-135970816.0,136626176.0,99483648.0,-1.93,0.03,1.57,-9.56,-2.15,-0.3
76,766.735,11,-8.93,-2.12,1.26,-30.75,-1.6875,44.0625,0.33444444444444443,-0.04,-0.7277777777777777,296.1875,-76.75,97.5625,156614656.0,-136183808.0,136282112.0,98729984.0,-2.01,0.37,1.43,-9.54,-2.22,-0.29
77,777.759,11,-10.28,-1.84,1.14,-30.75,-1.6875,44.0625,0.38,-0.11444444444444445,-0.74,296.8125,-76.375,96.875,159383552.0,-136314880.0,135888896.0,98009088.0,-1.75,0.48,1.28,-9.53,-2.28,-0.27
78,787.8009999999999,10,-8.72,-1.79,1.01,-30.75,-1.6875,44.0625,0.38555555555555554,-0.15555555555555556,-0.7388888888888889,297.375,-76.0,96.125,160071680.0,-136429568.0,135479296.0,97288192.0,-1.74,0.4,1.22,-9.51,-2.35,-0.25
79,796.817,9,-8.7,-1.94,0.97,-31.5625,-3.5625,46.375,0.38555555555555554,-0.15555555555555556,-0.7388888888888889,298.0,-75.625,95.375,160792576.0,-136511488.0,135069696.0,96583680.0,-1.9,0.4,1.27,-9.49,-2.42,-0.23
80,805.932,9,-8.84,-2.01,1.04,-31.5625,-3.5625,46.375,0.41,-0.17,-0.7266666666666667,298.5625,-75.25,94.625,159416320.0,-136527872.0,134676480.0,95879168.0,-1.89,0.59,1.37,-9.48,-2.48,-0.2
81,816.581,10,-8.81,-1.89,1.16,-31.5625,-3.5625,46.375,0.31444444444444447,-0.18777777777777777,-0.6711111111111111,299.0625,-75.0,93.125,160350208.0,-136118272.0,134201344.0,95551488.0,-1.88,0.47,1.29,-9.47,-2.52,-0.13
82,826.901,10,-8.79,-2.05,1.15,-31.5625,-3.5625,46.375,0.4177777777777778,-0.1711111111111111,-0.64,299.5,-74.75,91.6875,161234944.0,-135757824.0,133726208.0,95223808.0,-1.82,0.35,1.2,-9.46,-2.56,-0.07
83,837.3660000000001,10,-8.72,-2.21,1.13,-31.5625,-3.5625,46.375,0.4177777777777778,-0.1711111111111111,-0.64,300.0,-74.4375,91.1875,163938304.0,-135823360.0,133365760.0,94601216.0,-1.63,0.22,1.15,-9.44,-2.62,-0.05
84,846.4209999999999,9,-8.52,-2.4,1.09,-30.5,-3.875,48.375,0.3522222222222222,-0.14555555555555555,-0.64,300.0,-74.4375,91.1875,164544512.0,-135888896.0,132988928.0,93962240.0,-1.84,-0.38,1.16,-9.43,-2.68,-0.03
85,855.3960000000001,8,-8.71,-3.07,1.13,-30.5,-3.875,48.375,0.3522222222222222,-0.14555555555555555,-0.64,301.0625,-73.6875,90.125,165249024.0,-135970816.0,132546560.0,93274112.0,-1.55,0.3,1.05,-9.41,-2.75,0.0
86,866.565,11,-8.41,-2.45,1.04,-30.5,-3.875,48.375,0.3566666666666667,-0.29555555555555557,-0.7955555555555556,301.75,-73.25,89.3125,164003840.0,-135938048.0,132005888.0,92520448.0,-1.46,0.93,0.99,-9.39,-2.82,0.03
87,877.563,10,-9.57,-1.88,1.02,-30.5,-3.875,48.375,0.3811111111111111,-0.35555555555555557,-0.7822222222222223,302.375,-72.8125,88.375,164904960.0,-135856128.0,131448832.0,91799552.0,0.08,1.31,0.97,-9.37,-2.89,0.07
88,887.719,10,-8.0,-1.57,1.05,-30.5,-3.875,48.375,0.5233333333333333,-0.35555555555555557,-0.7822222222222223,302.875,-72.4375,87.5625,167788544.0,-135823360.0,130875392.0,91258880.0,0.64,1.3,0.45,-9.35,-2.95,0.12
89,896.792,9,-8.7,-1.65,0.58,-28.0,-6.875,51.0625,0.38555555555555554,-0.37666666666666665,-0.6877777777777778,302.875,-72.4375,87.5625,168574976.0,-135774208.0,130301952.0,90718208.0,0.82,1.27,0.21,-9.33,-3.01,0.16
90,905.889,9,-8.5,-1.74,0.37,-28.0,-6.875,51.0625,0.38555555555555554,-0.37666666666666665,-0.6877777777777778,303.875,-71.6875,86.0625,169295872.0,-135741440.0,129744896.0,90243072.0,0.98,1.34,0.06,-9.31,-3.06,0.21
91,916.906,11,-8.32,-1.72,0.27,-28.0,-6.875,51.0625,0.31666666666666665,-0.33,-0.5588888888888889,312.25,-71.375,85.375,167837696.0,-135675904.0,129253376.0,89800704.0,1.23,1.51,0.0,-9.29,-3.11,0.24
92,927.755,10,-8.05,-1.6,0.24,-28.0,-6.875,51.0625,0.07555555555555556,-0.15777777777777777,-0.5077777777777778,312.625,-71.125,85.125,168296448.0,-135757824.0,128876544.0,89358336.0,1.22,1.36,0.02,-9.27,-3.16,0.26
93,937.867,10,-8.05,-1.79,0.29,-28.0,-6.875,51.0625,0.21777777777777776,-0.15777777777777777,-0.5077777777777778,313.0,-70.8125,84.875,168706048.0,-135856128.0,128548864.0,88899584.0,1.14,1.51,0.04,-9.26,-3.2,0.28
94,946.851,8,-8.12,-1.69,0.33,-26.25,-7.25,52.25,0.052222222222222225,-0.10777777777777778,-0.5177777777777778,313.0,-70.8125,84.875,169115648.0,-135970816.0,128204800.0,88424448.0,1.02,1.5,0.08,-9.24,-3.25,0.3
95,955.818,8,-8.22,-1.74,0.38,-26.25,-7.25,52.25,0.19444444444444445,-0.10777777777777778,-0.5177777777777778,313.6875,-70.25,84.5,169525248.0,-136069120.0,127877120.0,87932928.0,0.93,1.94,0.04,-9.23,-3.29,0.31
96,966.785,10,-8.29,-1.34,0.36,-26.25,-7.25,52.25,0.07555555555555556,-0.13777777777777778,-0.3877777777777778,314.0,-70.0,84.25,172015616.0,-136069120.0,127598592.0,87572480.0,0.82,2.11,0.0,-9.21,-3.32,0.33
97,977.821,11,-8.39,-1.21,0.34,-26.25,-7.25,52.25,0.016666666666666666,-0.1711111111111111,-0.26,314.1875,-69.875,83.9375,172326912.0,-136036352.0,127352832.0,87375872.0,0.95,1.98,0.04,-9.2,-3.35,0.35
98,987.859,10,-8.25,-1.36,0.4,-26.25,-7.25,52.25,0.15888888888888889,-0.1711111111111111,-0.26,314.25,-69.75,83.625,172539904.0,-135987200.0,127139840.0,87326720.0,1.1,2.02,-0.52,-7.92,-3.36,0.37
99,996.9259999999999,9,-8.1,-1.34,-0.15,-22.6875,-5.1875,54.6875,0.06888888888888889,-0.17777777777777778,-0.1511111111111111,306.25,-69.75,83.625,172621824.0,-135970816.0,127008768.0,87392256.0,0.01,1.67,-0.7,-7.92,-3.36,0.38
100,1006.006,9,-7.91,-1.69,-0.31,-22.6875,-5.1875,54.6875,-0.02,-0.13,-0.034444444444444444,314.1875,-69.75,83.4375,172589056.0,-135987200.0,126992384.0,87474176.0,0.13,1.41,-0.79,-7.92,-3.36,0.38
101,1017.2460000000001,11,-7.78,-1.95,-0.41,-22.6875,-5.1875,54.6875,-0.18555555555555556,0.06444444444444444,0.03888888888888889,306.1875,-69.8125,83.5625,172507136.0,-136019968.0,127041536.0,87490560.0,1.25,0.75,-0.92,-9.2,-3.36,0.37
102,1028.308,11,-7.94,-2.6,-0.54,-22.6875,-5.1875,54.6875,0.052222222222222225,0.1288888888888889,-0.0077777777777777776,314.25,-69.8125,83.75,172474368.0,-136036352.0,127172608.0,87375872.0,1.17,0.36,-0.81,-7.92,-3.36,0.36
103,1038.224,9,-8.02,-2.99,-0.44,-22.6875,-5.1875,54.6875,0.052222222222222225,0.1288888888888889,-0.0077777777777777776,314.3125,-69.8125,83.875,172457984.0,-136052736.0,127270912.0,87228416.0,0.04,0.81,-0.81,-7.92,-3.36,0.35
104,1047.272,9,-7.88,-2.55,-0.45,-20.1875,-3.0625,53.0,0.06777777777777778,0.11666666666666667,-0.03666666666666667,314.3125,-69.8125,83.875,172359680.0,-136151040.0,127369216.0,87097344.0,0.46,0.81,-0.67,-7.92,-3.36,0.34
105,1056.239,8,-7.46,-2.55,-0.32,-20.1875,-3.0625,53.0,-0.014444444444444444,0.15777777777777777,-0.034444444444444444,314.375,-69.75,84.5,172163072.0,-136331264.0,127516672.0,86982656.0,0.24,0.67,-0.7,-7.92,-3.36,0.32
106,1067.604,11,-6.39,-2.69,-0.38,-20.1875,-3.0625,53.0,-0.2722222222222222,0.24333333333333335,0.01888888888888889,306.3125,-69.8125,84.9375,169836544.0,-136527872.0,127680512.0,86933504.0,0.22,0.12,-0.74,-9.2,-3.36,0.29
107,1078.778,11,-7.69,-3.24,-0.45,-20.1875,-3.0625,53.0,-0.22,0.29,0.056666666666666664,306.3125,-69.8125,85.4375,169574400.0,-136675328.0,127909888.0,86835200.0,0.04,-0.11,-0.62,-7.92,-3.36,0.26
108,1088.596,9,-7.88,-3.47,-0.35,-20.1875,-3.0625,53.0,-0.22,0.29,0.056666666666666664,306.3125,-69.9375,85.875,169345024.0,-136740864.0,128253952.0,86704128.0,1.18,-0.31,-0.34,-7.93,-3.35,0.24
109,1097.6619999999998,9,-8.03,-3.66,-0.1,-19.5,-1.25,51.375,0.014444444444444444,0.31555555555555553,0.11222222222222222,306.3125,-70.0,86.3125,169148416.0,-136708096.0,128647168.0,86573056.0,0.97,-0.27,0.33,-9.21,-3.34,0.21
110,1107.167,9,-8.24,-3.61,0.55,-19.5,-1.25,51.375,0.028888888888888888,0.2777777777777778,0.13444444444444445,306.3125,-70.0625,86.6875,168935424.0,-136724480.0,128974848.0,86491136.0,1.04,-0.48,0.52,-9.22,-3.32,0.19
111,1118.3780000000002,11,-8.17,-3.81,0.71,-27.5,-1.25,51.375,0.0033333333333333335,0.22666666666666666,0.07888888888888888,306.3125,-70.125,87.0,168755200.0,-136773632.0,129204224.0,86409216.0,0.98,-0.51,0.42,-9.22,-3.32,0.17
112,1129.527,11,-8.23,-3.83,0.59,-27.5,-1.25,51.375,0.03111111111111111,0.13333333333333333,0.07888888888888888,306.3125,-70.1875,87.1875,168673280.0,-136740864.0,129384448.0,86360064.0,1.0,-0.47,0.05,-9.22,-3.31,0.16
113,1139.133,9,-8.22,-3.79,0.21,-27.5,-0.6875,47.75,0.13555555555555557,0.13555555555555557,0.10777777777777778,306.375,-70.25,87.3125,168624128.0,-136626176.0,129613824.0,86278144.0,1.25,-0.38,-0.06,-7.95,-3.3,0.15
114,1148.314,9,-7.97,-3.68,0.09,-27.5,-0.6875,47.75,0.06333333333333334,0.20222222222222222,0.10111111111111111,306.4375,-70.3125,87.5,168591360.0,-136478720.0,129925120.0,86097920.0,1.04,-0.26,0.09,-9.23,-3.29,0.14
115,1157.432,9,-8.18,-3.56,0.24,-19.5,-0.6875,47.75,0.052222222222222225,0.23555555555555555,0.07444444444444444,306.625,-70.25,87.6875,168640512.0,-136429568.0,130121728.0,85786624.0,1.2,-0.16,0.26,-9.23,-3.3,0.13
116,1167.706,10,-8.03,-3.47,0.39,-19.5,-0.6875,47.75,0.0077777777777777776,0.2733333333333333,0.03666666666666667,306.8125,-70.25,87.9375,168640512.0,-136445952.0,130318336.0,85458944.0,1.1,-0.17,0.24,-9.23,-3.3,0.11
117,1178.006,10,-8.12,-3.48,0.36,-19.5,-0.6875,47.75,0.11777777777777777,0.26,0.011111111111111112,306.9375,-70.1875,88.1875,168640512.0,-136495104.0,130465792.0,85147648.0,1.12,-0.16,0.2,-9.22,-3.31,0.1
118,1188.195,10,-8.1,-3.48,0.3,-27.5,-0.6875,47.75,0.11777777777777777,0.26,0.011111111111111112,307.125,-70.125,88.375,168673280.0,-136511488.0,130596864.0,84852736.0,1.09,-0.29,0.02,-9.22,-3.32,0.09
119,1197.2240000000002,9,-8.12,-3.62,0.11,-29.375,0.25,47.0,0.1388888888888889,0.21,0.021111111111111112,307.125,-70.125,88.375,168771584.0,-136478720.0,130727936.0,84525056.0,1.0,-0.42,-0.02,-7.94,-3.33,0.08
120,1206.327,9,-8.21,-3.76,0.06,-21.375,0.25,47.0,0.21,0.16666666666666666,0.051111111111111114,307.4375,-70.0625,88.5,168853504.0,-136282112.0,130957312.0,84344832.0,0.94,-0.66,0.08,-9.22,-3.33,0.08
121,1217.51,11,-8.27,-4.0,0.16,-21.375,0.25,47.0,0.12666666666666668,0.03777777777777778,0.022222222222222223,307.5625,-70.0625,88.4375,168984576.0,-136069120.0,131104768.0,84164608.0,1.18,-0.69,-0.03,-9.22,-3.33,0.08
122,1228.511,11,-8.03,-4.02,0.05,-21.375,0.25,47.0,0.14,0.03111111111111111,-0.017777777777777778,315.75,-70.0625,88.3125,169164800.0,-135856128.0,131235840.0,83951616.0,1.22,-0.64,-0.07,-7.94,-3.33,0.09
123,1238.467,9,-7.99,-3.98,0.01,-29.375,0.25,47.0,0.14,0.03111111111111111,-0.017777777777777778,315.9375,-70.0625,88.25,169328640.0,-135692288.0,131350528.0,83705856.0,0.18,-0.45,-0.05,-7.94,-3.33,0.09
124,1247.556,9,-7.75,-3.79,0.03,-29.6875,1.375,44.1875,0.1288888888888889,0.05444444444444444,-0.06222222222222222,315.9375,-70.0625,88.25,169459712.0,-135626752.0,131448832.0,83394560.0,0.45,0.29,-0.01,-7.93,-3.34,0.09
125,1256.518,8,-6.2,-3.04,0.08,-21.6875,1.375,44.1875,0.2288888888888889,0.09666666666666666,-0.11222222222222222,316.3125,-69.9375,88.4375,169525248.0,-135610368.0,131547136.0,83083264.0,0.69,0.56,-0.04,-7.93,-3.36,0.09
126,1267.643,11,-5.96,-2.8,0.04,-21.6875,1.375,44.1875,0.012222222222222223,0.22111111111111112,-0.11666666666666667,316.5,-69.875,88.6875,169541632.0,-135643136.0,131710976.0,82755584.0,0.68,0.62,0.0,-9.2,-3.37,0.07
127,1278.568,10,-5.96,-2.74,0.08,-21.6875,1.375,44.1875,0.03666666666666667,0.2677777777777778,-0.07444444444444444,316.6875,-69.8125,89.0,169525248.0,-135659520.0,131956736.0,82411520.0,0.1,0.04,0.42,-9.2,-3.37,0.05
128,1288.538,9,-7.82,-3.32,0.47,-29.6875,1.375,44.1875,0.03666666666666667,0.2677777777777778,-0.07444444444444444,316.875,-69.8125,89.1875,169558016.0,-135544832.0,132235264.0,82067456.0,1.04,-0.11,0.66,-9.2,-3.37,0.04
129,1297.631,9,-8.16,-3.49,0.7,-29.6875,2.1875,44.6875,0.12666666666666668,0.22777777777777777,-0.027777777777777776,317.0625,-69.8125,89.1875,169689088.0,-135331840.0,132448256.0,81788928.0,0.84,0.1,0.79,-9.2,-3.37,0.04
130,1306.873,9,-8.36,-3.26,0.84,-21.6875,2.1875,44.6875,0.31666666666666665,0.12111111111111111,-0.006666666666666667,317.1875,-69.8125,89.0625,171966464.0,-135118848.0,132546560.0,81592320.0,0.69,0.22,0.64,-9.2,-3.38,0.05
131,1318.166,11,-8.5,-3.15,0.7,-21.6875,2.1875,44.6875,0.06333333333333334,-0.08333333333333333,-0.0022222222222222222,317.3125,-69.8125,88.8125,172146688.0,-134922240.0,132562944.0,81526784.0,0.75,0.72,0.01,-9.2,-3.38,0.06
132,1329.172,11,-8.44,-2.65,0.08,-29.6875,2.1875,44.6875,0.13444444444444445,-0.15444444444444444,0.05555555555555555,309.3125,-69.8125,88.5,172310528.0,-134709248.0,132513792.0,81575936.0,1.0,0.54,-0.34,-7.92,-3.37,0.08
133,1338.943,9,-8.2,-2.82,-0.25,-21.6875,2.1875,44.6875,0.08555555555555555,-0.15888888888888889,0.09222222222222222,309.25,-69.875,88.1875,172441600.0,-134529024.0,132481024.0,81707008.0,1.16,0.34,-0.88,-7.92,-3.36,0.1
134,1347.974,9,-8.04,-3.02,-0.77,-21.6875,2.1875,44.6875,0.08555555555555555,-0.15888888888888889,0.09222222222222222,309.25,-69.9375,88.0,172507136.0,-134348800.0,132497408.0,81821696.0,0.05,0.21,-1.28,-7.93,-3.35,0.11
135,1356.96,8,-7.88,-3.14,-1.17,-21.6875,2.1875,44.6875,0.07777777777777778,-0.10777777777777778,0.1111111111111111,309.1875,-70.0,87.9375,172523520.0,-134184960.0,132612096.0,81854464.0,0.04,-0.26,-1.01,-7.93,-3.34,0.11
136,1368.079,11,-7.89,-3.6,-0.89,-21.6875,2.1875,44.6875,0.09,0.13333333333333333,0.06888888888888889,309.25,-70.0625,88.0625,172474368.0,-134119424.0,132792320.0,81772544.0,1.1,-0.4,-0.54,-9.21,-3.34,0.1
137,1379.155,11,-8.11,-3.74,-0.43,-21.6875,2.1875,44.6875,0.02666666666666667,0.18222222222222223,-0.015555555555555555,317.3125,-70.0625,88.3125,172376064.0,-134184960.0,132956160.0,81625088.0,0.69,-0.5,-0.33,-7.93,-3.34,0.09
138,1388.9,9,-8.51,-3.84,-0.23,-21.6875,2.1875,44.6875,0.0011111111111111111,0.17222222222222222,-0.05444444444444444,317.375,-70.0,88.625,172294144.0,-134283264.0,133054464.0,81461248.0,0.28,-0.32,0.01,-9.21,-3.34,0.07
139,1397.912,9,-8.93,-3.67,0.09,-29.6875,2.875,44.25,0.0011111111111111111,0.17222222222222222,-0.05444444444444444,317.375,-70.0,88.8125,172228608.0,-134365184.0,133136384.0,81362944.0,0.14,-0.43,0.1,-9.21,-3.35,0.06
140,1407.1309999999999,9,-7.79,-3.78,0.17,-21.6875,2.875,44.25,-0.0011111111111111111,0.12111111111111111,-0.04111111111111111,317.4375,-70.0,88.875,172195840.0,-134381568.0,133169152.0,81330176.0,0.17,-0.34,0.16,-9.21,-3.35,0.06
141,1418.4,11,-7.76,-3.7,0.22,-21.6875,2.875,44.25,-0.14888888888888888,-0.01,0.022222222222222223,309.375,-70.0,88.875,172195840.0,-134365184.0,133185536.0,81346560.0,0.33,-0.47,0.0,-9.21,-3.34,0.06
142,1429.43,11,-8.88,-3.82,0.07,-29.6875,2.875,44.25,0.013333333333333334,-0.0044444444444444444,0.02,309.375,-70.0,88.875,172195840.0,-134332416.0,133201920.0,81362944.0,0.42,-0.55,-0.23,-7.93,-3.34,0.06
143,1439.072,9,-8.78,-3.9,-0.17,-21.6875,2.875,44.25,0.013333333333333334,-0.0044444444444444444,0.02,309.4375,-70.0,88.875,172195840.0,-134332416.0,133234688.0,81313792.0,0.54,-0.38,-0.26,-7.93,-3.34,0.06
144,1448.1409999999998,9,-8.67,-3.73,-0.2,-22.0625,3.25,43.5,0.028888888888888888,0.035555555555555556,-0.008888888888888889,317.4375,-70.0,88.875,172146688.0,-134414336.0,133251072.0,81231872.0,0.65,-0.17,-0.33,-7.93,-3.35,0.05
145,1457.087,8,-8.56,-3.52,-0.28,-22.0625,3.25,43.5,-0.022222222222222223,0.06888888888888889,-0.05555555555555555,317.5,-69.9375,89.25,172048384.0,-134594560.0,133267456.0,81117184.0,0.64,-0.17,-0.44,-7.93,-3.36,0.04
146,1468.046,10,-8.56,-3.53,-0.4,-22.0625,3.25,43.5,-0.23222222222222222,0.18444444444444444,-0.11888888888888889,317.5625,-69.875,89.5625,169836544.0,-134807552.0,133300224.0,80969728.0,-1.3,-0.17,-0.21,-9.2,-3.37,0.02
147,1478.976,10,-9.23,-3.54,-0.19,-22.0625,3.25,43.5,-0.23,0.1811111111111111,-0.11666666666666667,317.5625,-69.8125,89.875,169705472.0,-135020544.0,133349376.0,80805888.0,-1.62,-0.27,-0.1,-7.92,-3.38,0.0
148,1489.0149999999999,10,-8.26,-3.65,-0.1,-22.0625,3.25,43.5,-0.21888888888888888,0.12666666666666668,-0.10444444444444445,317.625,-69.75,90.125,169607168.0,-135200768.0,133349376.0,80691200.0,-1.66,-0.42,-0.01,-7.92,-3.39,0.0
149,1498.0629999999999,9,-8.3,-3.81,-0.02,-22.6875,3.25,43.5,-0.21888888888888888,0.12666666666666668,-0.10444444444444445,317.6875,-69.6875,90.25,169590784.0,-135315456.0,133332992.0,80592896.0,-1.64,-0.49,-0.15,-7.91,-3.39,-0.01
150,1507.314,9,-9.56,-3.89,-0.16,-22.6875,3.25,43.5,0.014444444444444444,0.01,-0.08,317.75,-69.625,90.25,169623552.0,-135348224.0,133283840.0,80527360.0,-1.37,-0.59,-0.12,-7.91,-3.4,-0.01
151,1518.52,11,-8.01,-4.0,-0.14,-22.6875,3.25,43.5,0.08222222222222222,0.005555555555555556,-0.10111111111111111,317.8125,-69.625,90.1875,169721856.0,-135348224.0,133251072.0,80379904.0,0.12,-0.15,-0.03,-9.19,-3.41,-0.01
152,1529.5449999999998,11,-7.79,-3.57,-0.05,-22.6875,3.25,43.5,0.08666666666666667,0.056666666666666664,-0.12555555555555556,317.9375,-69.5,90.1875,169787392.0,-135380992.0,133251072.0,80199680.0,0.07,0.29,0.15,-9.18,-3.42,-0.01
153,1539.202,9,-7.83,-3.12,0.13,-30.6875,3.25,43.5,0.03777777777777778,0.08888888888888889,-0.14222222222222222,318.0625,-69.4375,90.3125,169803776.0,-135462912.0,133251072.0,79986688.0,0.03,0.68,0.39,-9.18,-3.43,-0.02
154,1548.252,9,-7.86,-2.75,0.36,-30.375,2.875,43.875,0.03777777777777778,0.08888888888888889,-0.14222222222222222,318.125,-69.375,90.5,169787392.0,-135593984.0,133234688.0,79839232.0,-1.31,0.83,0.38,-9.18,-3.44,-0.03
155,1557.224,8,-7.93,-2.61,0.35,-22.375,2.875,43.875,-0.016666666666666666,0.09444444444444444,-0.12444444444444444,318.1875,-69.3125,90.5625,169738240.0,-135708672.0,133234688.0,79773696.0,-1.33,0.75,0.32,-9.17,-3.45,-0.03
156,1568.539,11,-7.95,-2.69,0.28,-22.375,2.875,43.875,-0.18777777777777777,0.014444444444444444,-0.014444444444444444,318.125,-69.3125,90.625,169705472.0,-135757824.0,133218304.0,79773696.0,-1.3,0.55,0.32,-9.17,-3.45,-0.04
157,1579.682,11,-7.92,-2.9,0.28,-30.375,2.875,43.875,-0.19111111111111112,-0.03888888888888889,0.027777777777777776,310.125,-69.375,90.625,169689088.0,-135757824.0,133185536.0,79855616.0,0.19,0.62,0.09,-9.17,-3.45,-0.03
158,1589.3139999999999,9,-7.7,-2.82,0.05,-30.375,2.875,43.875,-0.20555555555555555,-0.07222222222222222,0.08,310.0,-69.375,90.5625,169672704.0,-135741440.0,133152768.0,80003072.0,0.4,0.62,-0.1,-7.9,-3.44,-0.03
159,1598.3400000000001,9,-8.77,-2.81,-0.13,-22.6875,3.6875,44.25,-0.20555555555555555,-0.07222222222222222,0.08,309.875,-69.4375,90.5,169607168.0,-135692288.0,133169152.0,80183296.0,0.39,0.32,-0.1,-7.9,-3.43,-0.03
160,1607.511,9,-8.78,-3.1,-0.13,-22.6875,3.6875,44.25,-0.06666666666666667,-0.04888888888888889,0.12444444444444444,309.8125,-69.5625,90.4375,169558016.0,-135610368.0,133201920.0,80363520.0,0.25,0.05,0.15,-9.19,-3.42,-0.02
161,1618.503,10,-8.93,-3.36,0.12,-22.6875,3.6875,44.25,-0.16666666666666666,-0.0811111111111111,0.16777777777777778,309.6875,-69.625,90.375,169525248.0,-135495680.0,133234688.0,80576512.0,0.25,0.05,0.14,-9.19,-3.4,-0.02
162,1629.4859999999999,10,-8.93,-3.35,0.12,-30.6875,3.6875,44.25,-0.17666666666666667,-0.07555555555555556,0.17888888888888888,309.5625,-69.75,90.25,169476096.0,-135380992.0,133283840.0,80789504.0,0.27,-0.22,0.11,-9.2,-3.39,-0.01
163,1639.2279999999998,9,-8.92,-3.61,0.09,-30.6875,3.6875,44.25,-0.17666666666666667,-0.07555555555555556,0.17888888888888888,308.875,-69.8125,90.1875,169050112.0,-135921664.0,132661248.0,81788928.0,0.32,-0.43,0.02,-9.2,-3.37,-0.01
164,1648.247,9,-8.87,-3.81,0.01,-30.6875,3.25,44.25,-0.17555555555555555,-0.06666666666666667,0.15333333333333332,308.875,-69.8125,90.1875,169000960.0,-135872512.0,132677632.0,81969152.0,0.43,-0.33,-0.18,-7.93,-3.36,0.0
165,1657.22,8,-8.77,-3.7,-0.19,-22.6875,3.25,44.25,-0.06777777777777778,-0.05555555555555555,0.12222222222222222,308.6875,-69.9375,90.1875,168902656.0,-135921664.0,132661248.0,82132992.0,0.42,-0.35,-0.14,-7.93,-3.36,-0.01
166,1668.075,10,-8.78,-3.71,-0.16,-22.6875,3.25,44.25,-0.15222222222222223,-0.017777777777777778,0.04555555555555556,308.5625,-69.9375,90.25,168787968.0,-136003584.0,132612096.0,82280448.0,0.49,-0.26,-0.21,-9.21,-3.35,-0.01
167,1679.099,11,-8.71,-3.62,-0.23,-22.6875,3.25,44.25,-0.28444444444444444,-0.024444444444444446,0.042222222222222223,308.4375,-70.0,90.25,168706048.0,-136085504.0,132562944.0,82411520.0,0.63,-0.24,-0.09,-7.93,-3.35,-0.01
168,1689.092,9,-8.58,-3.59,-0.1,-22.6875,3.25,44.25,-0.2577777777777778,-0.021111111111111112,0.042222222222222223,307.9375,-69.9375,90.3125,168312832.0,-136708096.0,131956736.0,83148800.0,0.64,-0.14,0.04,-9.21,-3.35,-0.02
169,1698.18,9,-8.56,-3.49,0.02,-30.375,3.6875,43.875,-0.2577777777777778,-0.021111111111111112,0.042222222222222223,307.875,-70.0,90.3125,168263680.0,-136757248.0,131923968.0,83263488.0,0.77,-0.04,0.08,-9.21,-3.35,-0.02
170,1707.156,8,-8.44,-3.27,0.04,-30.375,3.6875,43.875,-0.22777777777777777,-0.04555555555555556,0.05444444444444444,307.8125,-70.0,90.3125,168214528.0,-136773632.0,131891200.0,83394560.0,0.77,0.07,0.06,-9.21,-3.34,-0.01
171,1722.521,15,-8.69,-3.39,0.24,-30.375,3.6875,43.875,-0.21555555555555556,-0.04111111111111111,0.07111111111111111,307.6875,-70.0625,90.25,170262528.0,-136757248.0,131874816.0,83525632.0,0.52,-0.05,0.25,-9.22,-3.33,-0.01
172,1734.247,11,-8.73,-3.39,0.31,-30.375,3.6875,43.875,-0.19666666666666666,-0.05333333333333334,0.08333333333333333,307.625,-70.125,90.25,168116224.0,-136740864.0,131858432.0,83656704.0,0.48,-0.06,0.32,-9.22,-3.33,-0.01
173,1743.3220000000001,9,-8.67,-3.26,0.22,-29.6875,3.25,43.875,-0.20777777777777778,-0.10333333333333333,0.08444444444444445,307.0625,-70.125,90.125,167772160.0,-137216000.0,131268608.0,84508672.0,0.54,0.06,0.22,-9.22,-3.32,0.0
174,1752.164,8,-8.49,-3.41,-0.06,-21.6875,3.25,43.875,-0.22444444444444445,-0.13333333333333333,0.07555555555555556,306.9375,-70.1875,89.9375,167772160.0,-137183232.0,131170304.0,84705280.0,0.73,-0.09,-0.06,-9.22,-3.31,0.0
175,1761.793,9,-8.4,-3.29,-0.11,-21.6875,3.25,43.875,-0.19111111111111112,-0.11555555555555555,0.05333333333333334,306.875,-70.1875,89.8125,167804928.0,-137150464.0,131072000.0,84836352.0,0.81,0.02,-0.12,-9.22,-3.31,0.0
176,1772.383,10,-8.31,-3.14,0.09,-29.6875,3.25,43.875,-0.1922222222222222,-0.10777777777777778,0.01888888888888889,306.875,-70.1875,89.6875,169934848.0,-137150464.0,130973696.0,84934656.0,0.91,0.17,0.07,-9.22,-3.31,0.01
177,1783.879,11,-8.26,-2.93,0.16,-29.6875,3.25,43.875,-0.22444444444444445,-0.09888888888888889,-0.023333333333333334,314.8125,-70.1875,89.5625,167854080.0,-137183232.0,130842624.0,85032960.0,0.96,0.38,0.14,-9.22,-3.31,0.02
178,1792.724,8,-7.98,-2.65,0.19,-29.75,2.5,44.375,-0.24222222222222223,-0.09777777777777778,-0.034444444444444444,314.25,-70.1875,89.4375,169607168.0,-137805824.0,130105344.0,85868544.0,1.23,0.66,0.16,-9.22,-3.32,0.02
179,1801.78,9,-7.89,-2.62,0.16,-29.75,2.5,44.375,-0.2288888888888889,-0.12666666666666668,-0.01,314.1875,-70.1875,89.3125,169623552.0,-137838592.0,129974272.0,85999616.0,1.33,0.69,0.13,-9.22,-3.32,0.03
180,1812.322,10,-7.82,-2.54,0.1,-29.75,2.5,44.375,-0.18555555555555556,-0.15444444444444444,0.016666666666666666,306.125,-70.1875,89.125,169689088.0,-137789440.0,129843200.0,86147072.0,1.39,0.77,0.05,-9.22,-3.31,0.04
181,1823.731,11,-6.4,-2.32,0.19,-29.75,2.5,44.375,-0.015555555555555555,-0.17555555555555555,0.056666666666666664,306.0625,-70.1875,88.875,169754624.0,-137691136.0,129728512.0,86310912.0,1.54,0.98,0.13,-9.23,-3.3,0.07
182,1835.3029999999999,11,-7.7,-2.28,0.27,-29.75,2.5,44.375,-0.19555555555555557,-0.1622222222222222,0.09555555555555556,305.9375,-70.25,88.625,169787392.0,-137609216.0,129646592.0,86523904.0,0.25,1.01,0.2,-9.23,-3.3,0.07
183,1844.326,9,-7.79,-2.35,0.17,-29.375,2.5,46.0,-0.2388888888888889,-0.15888888888888889,0.13666666666666666,305.3125,-70.3125,88.4375,169410560.0,-138067968.0,128991232.0,87490560.0,0.16,0.93,0.08,-9.23,-3.29,0.08
184,1853.28,8,-6.39,-2.37,-0.04,-21.375,2.5,46.0,-0.26,-0.18222222222222223,0.1988888888888889,305.125,-70.4375,88.1875,169361408.0,-137969664.0,128925696.0,87851008.0,1.56,0.9,-0.14,-9.24,-3.27,0.1
185,1863.9460000000001,10,-6.21,-2.49,-0.41,-21.375,2.5,46.0,-0.13666666666666666,-0.20555555555555555,0.2611111111111111,304.875,-70.5625,87.9375,169279488.0,-137838592.0,128876544.0,88276992.0,0.87,0.3,-0.87,-7.97,-3.22,0.12
186,1875.326,11,-5.82,-2.92,-0.74,-21.375,2.5,46.0,-0.1322222222222222,-0.18,0.30333333333333334,304.625,-70.75,87.75,169050112.0,-137510912.0,128925696.0,89161728.0,2.68,0.09,-0.89,-7.98,-3.19,0.13
187,1886.929,11,-5.3,-3.1,-0.75,-21.375,2.5,46.0,-0.25666666666666665,-0.1411111111111111,0.33666666666666667,304.375,-70.9375,87.5625,169050112.0,-137510912.0,128925696.0,89161728.0,2.85,-0.09,-0.79,-7.99,-3.16,0.13
188,1895.913,8,-5.14,-3.25,-0.65,-20.25,2.1875,46.25,-0.22555555555555556,-0.06666666666666667,0.33666666666666667,295.625,-71.125,87.4375,168509440.0,-137887744.0,128483328.0,90243072.0,2.85,-0.09,-0.79,-8.0,-3.14,0.13
189,1904.866,8,-5.54,-3.34,-0.03,-20.25,2.1875,46.25,-0.05,0.017777777777777778,0.3022222222222222,303.4375,-71.25,87.5,168329216.0,-137740288.0,128679936.0,90488832.0,0.32,-0.2,-0.28,-8.01,-3.11,0.13
190,1915.7949999999998,10,-7.69,-3.32,-0.15,-20.25,2.1875,46.25,-0.051111111111111114,0.044444444444444446,0.2577777777777778,303.3125,-71.375,87.5625,168017920.0,-137527296.0,129040384.0,90914816.0,0.16,-0.51,-0.25,-8.02,-3.09,0.12
191,1927.069,11,-7.86,-3.6,-0.13,-20.25,2.1875,46.25,-0.02666666666666667,0.03,0.26,295.0,-71.6875,87.625,167919616.0,-137314304.0,129269760.0,91062272.0,1.2,-0.4,-0.14,-8.03,-3.07,0.12
192,1938.1299999999999,11,-8.1,-3.47,-0.01,-20.25,2.1875,46.25,0.06555555555555556,0.027777777777777776,0.2644444444444444,295.0,-71.6875,87.625,165330944.0,-137740288.0,128778240.0,92045312.0,0.08,0.01,-0.06,-8.03,-3.05,0.12
193,1947.165,9,-7.95,-3.03,0.06,-29.0,1.0,48.0,0.06444444444444444,-0.012222222222222223,0.24666666666666667,294.375,-71.8125,87.5625,165330944.0,-137740288.0,128778240.0,92045312.0,0.61,-0.13,-0.38,-8.04,-3.03,0.13
194,1956.126,8,-6.15,-3.16,-0.25,-21.0,1.0,48.0,0.0011111111111111111,-0.052222222222222225,0.2222222222222222,302.25,-71.9375,87.4375,165167104.0,-137478144.0,129007616.0,92389376.0,1.22,-0.15,-0.62,-8.05,-3.01,0.13
195,1966.803,10,-5.54,-3.16,-0.48,-21.0,1.0,48.0,-0.0033333333333333335,0.012222222222222223,0.18222222222222223,294.125,-72.125,87.6875,165052416.0,-137445376.0,129204224.0,92372992.0,3.01,-0.21,-0.79,-8.05,-3.0,0.12
196,1977.699,10,-6.31,-3.21,-0.66,-21.0,1.0,48.0,0.03333333333333333,0.1388888888888889,0.11555555555555555,294.1875,-72.125,88.125,164921344.0,-137494528.0,129499136.0,92143616.0,3.08,0.28,-0.63,-8.05,-3.0,0.09
197,1988.423,10,-6.25,-2.71,-0.54,-21.0,1.0,48.0,0.08,0.3,0.022222222222222223,302.1875,-72.125,88.125,164724736.0,-137658368.0,129826816.0,91766784.0,1.19,0.87,-0.54,-8.05,-3.0,0.06
198,1997.403,8,-5.58,-2.13,-0.48,-20.6875,-0.75,49.1875,0.07111111111111111,0.43444444444444447,-0.06,302.3125,-72.125,88.8125,166821888.0,-137658368.0,129826816.0,91766784.0,0.57,0.93,-0.66,-8.05,-3.01,0.01
199,2006.5179999999998,9,-6.19,-2.08,-0.65,-20.6875,-0.75,49.1875,-0.008888888888888889,0.4677777777777778,-0.09222222222222222,302.4375,-72.0625,89.625,164216832.0,-138182656.0,130465792.0,91029504.0,0.09,0.73,-0.91,-8.04,-3.02,-0.02
200,2017.564,11,-7.95,-2.29,-0.93,-20.6875,-0.75,49.1875,0.0033333333333333335,0.4666666666666667,-0.07888888888888888,302.6875,-72.0,91.0625,164020224.0,-138313728.0,130809856.0,90669056.0,1.22,0.75,-0.84,-8.04,-3.02,-0.05
201,2029.244,11,-8.1,-2.26,-0.89,-20.6875,-0.75,49.1875,0.024444444444444446,0.4077777777777778,0.04666666666666667,294.875,-72.0,91.6875,163856384.0,-138330112.0,131235840.0,90341376.0,1.1,0.77,-0.61,-8.04,-3.02,-0.08
202,2039.393,10,-8.22,-2.24,-0.7,-20.6875,-0.75,49.1875,0.024444444444444446,0.4077777777777778,0.04666666666666667,295.0,-72.0625,92.25,163676160.0,-138248192.0,131776512.0,89997312.0,0.03,0.71,-0.19,-8.05,-3.01,-0.12
203,2048.538,9,-8.02,-2.29,-0.31,-22.5,-3.375,51.1875,0.09444444444444444,0.43666666666666665,0.1288888888888889,295.0,-72.0625,92.25,165593088.0,-138117120.0,132366336.0,89653248.0,0.19,0.67,0.71,-9.33,-2.99,-0.15
204,2058.085,9,-7.85,-2.31,0.55,-22.5,-3.375,51.1875,0.2811111111111111,0.46111111111111114,0.17,295.25,-72.25,93.5625,165412864.0,-138002432.0,132956160.0,89325568.0,1.23,1.09,1.01,-9.34,-2.98,-0.18
205,2069.0559999999996,10,-8.1,-1.89,0.82,-22.5,-3.375,51.1875,0.013333333333333334,0.4533333333333333,0.15,295.3125,-72.3125,94.3125,165167104.0,-137969664.0,133464064.0,89047040.0,0.68,1.46,0.99,-9.34,-2.96,-0.22
206,2080.283,11,-8.66,-1.5,0.76,-30.5,-3.375,51.1875,-0.17444444444444446,0.39555555555555555,0.15777777777777777,295.25,-72.375,95.0,164823040.0,-138067968.0,133873664.0,88932352.0,-1.36,1.35,0.65,-9.34,-2.95,-0.26
207,2090.0389999999998,9,-8.14,-1.6,0.39,-30.5,-3.375,51.1875,-0.19555555555555557,0.29777777777777775,0.1688888888888889,303.125,-72.4375,95.625,164429824.0,-138231808.0,134135808.0,88981504.0,-2.09,0.92,0.79,-9.35,-2.93,-0.29
208,2099.025,8,-8.88,-2.01,0.5,-26.5,-4.875,49.5,-0.19555555555555557,0.29777777777777775,0.1688888888888889,294.875,-72.5,96.0,164085760.0,-138461184.0,134152192.0,89243648.0,-2.4,0.37,0.88,-9.35,-2.92,-0.3
209,2108.279,9,-10.48,-2.54,0.57,-26.5,-4.875,49.5,-0.5322222222222223,-0.1622222222222222,0.10111111111111111,294.625,-72.5625,95.9375,163889152.0,-138641408.0,133922816.0,89669632.0,-2.32,-0.04,0.89,-9.35,-2.91,-0.3
210,2119.322,11,-10.4,-2.96,0.58,-26.5,-4.875,49.5,-0.4722222222222222,-0.40555555555555556,0.13333333333333333,294.3125,-72.6875,95.4375,163872768.0,-138641408.0,133545984.0,90259456.0,0.36,1.22,-0.07,-9.36,-2.9,-0.27
211,2130.562,11,-7.71,-1.67,-0.35,-18.5,-4.875,49.5,-0.47555555555555556,-0.49444444444444446,0.2611111111111111,293.875,-72.8125,94.8125,163856384.0,-138510336.0,133185536.0,90996736.0,0.7,0.64,-0.97,-8.09,-2.87,-0.24
212,2140.276,9,-6.1,-2.23,-1.22,-26.5,-4.875,49.5,-0.23777777777777778,-0.21555555555555556,0.26666666666666666,293.5625,-73.0,94.625,163725312.0,-138444800.0,133103616.0,91504640.0,1.01,-0.53,-1.19,-9.37,-2.85,-0.23
213,2149.411,9,-5.8,-3.38,-1.43,-20.6875,-6.25,47.875,-0.23777777777777778,-0.21555555555555556,0.26666666666666666,293.4375,-73.0625,94.875,161415168.0,-138444800.0,133267456.0,91586560.0,0.43,-0.4,-0.77,-8.1,-2.83,-0.24
214,2158.51,9,-6.38,-3.24,-1.01,-28.6875,-6.25,47.875,-0.19666666666666666,0.34555555555555556,-0.024444444444444446,301.4375,-73.0625,95.625,161087488.0,-138772480.0,133447680.0,91471872.0,-1.34,0.91,-0.59,-8.1,-2.84,-0.28
215,2169.407,10,-8.16,-1.92,-0.88,-28.6875,-6.25,47.875,-0.5388888888888889,0.5733333333333334,-0.24222222222222223,301.375,-72.875,96.875,160464896.0,-139591680.0,133496832.0,91242496.0,-2.45,0.57,-0.29,-9.37,-2.86,-0.34
216,2180.4030000000002,10,-10.54,-2.28,-0.64,-20.6875,-6.25,47.875,-0.8233333333333334,0.72,-0.47333333333333333,301.3125,-72.5625,98.5,159662080.0,-140836864.0,133382144.0,90914816.0,-1.81,-0.09,0.07,-9.35,-2.9,-0.43
217,2190.179,9,-11.17,-2.99,-0.36,-20.6875,-6.25,47.875,-1.0577777777777777,0.6788888888888889,-0.6166666666666667,301.25,-72.1875,99.9375,160989184.0,-142213120.0,133087232.0,90570752.0,-3.95,-0.61,0.79,-9.33,-2.95,-0.51
218,2199.177,8,-10.73,-3.57,0.27,-29.375,-6.25,46.75,-1.0577777777777777,0.6788888888888889,-0.6166666666666667,301.25,-71.8125,101.0,160415744.0,-143441920.0,132694016.0,90243072.0,-2.51,-0.7,1.21,-9.31,-3.0,-0.58
219,2208.386,9,-11.82,-3.7,0.62,-29.375,-6.25,46.75,-0.45555555555555555,0.17777777777777778,-0.46555555555555556,301.25,-71.5,101.375,160186368.0,-144146432.0,132300800.0,90062848.0,-2.1,-0.34,1.77,-9.3,-3.04,-0.61
220,2219.5119999999997,11,-11.4,-3.38,1.16,-29.375,-6.25,46.75,-0.14666666666666667,-0.14666666666666667,-0.21777777777777776,301.3125,-71.4375,101.1875,160284672.0,-144343040.0,131989504.0,90095616.0,-2.33,-0.12,2.0,-9.29,-3.06,-0.6
221,2230.6330000000003,11,-10.34,-3.18,1.39,-29.375,-6.25,46.75,0.04888888888888889,-0.3011111111111111,0.0077777777777777776,293.25,-71.4375,100.625,160497664.0,-144179200.0,131776512.0,90259456.0,0.02,1.22,1.5,-9.29,-3.06,-0.57
222,2240.3529999999996,9,-7.99,-1.83,0.92,-29.375,-6.25,46.75,0.06444444444444444,-0.32222222222222224,0.3388888888888889,293.0625,-71.6875,100.1875,160595968.0,-143769600.0,131792896.0,90701824.0,-1.3,2.22,0.81,-9.31,-3.03,-0.54
223,2249.5389999999998,9,-8.05,-0.8,0.26,-40.25,-4.5,45.5625,0.06444444444444444,-0.32222222222222224,0.3388888888888889,292.625,-72.0,100.1875,160317440.0,-143441920.0,132005888.0,91389952.0,-1.93,1.66,0.41,-9.32,-2.97,-0.53
224,2258.819,9,-9.97,-1.31,-0.12,-32.25,-4.5,45.5625,-0.5244444444444445,0.042222222222222223,0.7433333333333333,292.0,-72.375,100.6875,159711232.0,-143294464.0,132382720.0,92176384.0,-1.64,0.2,0.27,-9.34,-2.9,-0.55
225,2270.0,11,-10.99,-2.69,-0.27,-32.25,-4.5,45.5625,-0.55,0.08444444444444445,0.6922222222222222,291.375,-72.75,101.3125,156975104.0,-143196160.0,132726784.0,92897280.0,-4.15,-1.34,0.36,-9.36,-2.84,-0.57
226,2280.928,10,-12.24,-4.19,-0.2,-32.25,-4.5,45.5625,-0.52,-0.013333333333333334,0.5577777777777778,290.875,-73.0625,101.6875,156483584.0,-143130624.0,132939776.0,93569024.0,-3.96,-1.47,0.39,-9.38,-2.79,-0.57
227,2290.715,9,-10.79,-4.27,-0.18,-32.25,-4.5,45.5625,-0.48333333333333334,-0.12,0.4222222222222222,290.4375,-73.3125,101.8125,156139520.0,-143065088.0,132972544.0,94175232.0,-2.11,-1.4,0.4,-9.39,-2.75,-0.57
228,2299.9,9,-11.5,-4.16,-0.17,-33.75,-3.0,44.0,-0.2688888888888889,-0.23777777777777778,0.3688888888888889,290.0625,-73.5,101.6875,155942912.0,-142917632.0,132923392.0,94797824.0,-2.1,-0.75,0.48,-9.4,-2.71,-0.56
229,2309.8830000000003,9,-8.95,-3.47,-0.07,-33.75,-3.0,44.0,-0.18333333333333332,-0.34444444444444444,0.36444444444444446,289.6875,-73.75,101.3125,155860992.0,-142671872.0,132841472.0,95420416.0,0.36,-0.45,0.26,-9.41,-2.68,-0.53
230,2320.96,11,-7.77,-3.13,-0.27,-33.75,-3.0,44.0,-0.20666666666666667,-0.27111111111111114,0.3977777777777778,289.4375,-74.0,100.9375,155811840.0,-142344192.0,132874240.0,95944704.0,0.97,-0.01,-0.15,-9.42,-2.64,-0.51
231,2332.119,11,-7.72,-1.92,-1.31,-33.75,-3.0,44.0,0.017777777777777778,-0.05333333333333334,0.43444444444444447,289.1875,-74.25,101.0,155664384.0,-142032896.0,133136384.0,96288768.0,0.43,0.68,-0.8,-8.15,-2.6,-0.5
232,2341.279,9,-7.72,-1.92,-1.31,-34.0625,-1.875,42.375,-0.2111111111111111,0.17444444444444446,0.4766666666666667,288.875,-74.5,101.5625,155287552.0,-141869056.0,133562368.0,96567296.0,-2.27,0.64,-1.27,-8.17,-2.56,-0.52
233,2350.4109999999996,9,-10.44,-1.91,-1.79,-34.0625,-1.875,42.375,-0.22333333333333333,0.42333333333333334,0.44666666666666666,288.625,-74.6875,102.6875,156745728.0,-141950976.0,134070272.0,96763904.0,-1.82,0.31,-1.1,-8.17,-2.52,-0.57
234,2360.027,9,-11.28,-2.2,-1.67,-34.0625,-1.875,42.375,-0.51,0.5855555555555556,0.3466666666666667,288.3125,-74.75,104.1875,155975680.0,-142262272.0,134578176.0,96862208.0,-4.16,-0.34,-0.94,-9.46,-2.49,-0.63
235,2371.0119999999997,10,-11.07,-2.83,-1.57,-34.0625,-1.875,42.375,-0.4888888888888889,0.5477777777777778,0.24888888888888888,288.0625,-74.8125,105.5625,155271168.0,-142622720.0,134987776.0,96894976.0,-3.07,-1.21,-0.78,-9.46,-2.46,-0.68
236,2382.025,11,-10.84,-3.44,-1.26,-34.0625,-1.875,42.375,-0.24333333333333335,0.3844444444444444,0.24555555555555555,295.875,-74.875,106.5,152748032.0,-142704640.0,135380992.0,96878592.0,-3.93,-0.99,-0.54,-8.18,-2.44,-0.72
237,2391.374,9,-10.84,-3.44,-1.26,-33.0,-0.1875,40.75,0.05,0.22333333333333333,0.3055555555555556,295.875,-75.0,107.0,152584192.0,-142475264.0,135856128.0,96829440.0,-2.15,-0.65,-0.3,-8.19,-2.41,-0.74
238,2400.5209999999997,9,-10.34,-3.07,-1.04,-33.0,-0.1875,40.75,0.2877777777777778,0.08666666666666667,0.40444444444444444,295.9375,-75.1875,107.1875,152633344.0,-141934592.0,136380416.0,96796672.0,-1.69,-0.17,-0.09,-9.48,-2.38,-0.73
239,2410.824,10,-11.17,-2.55,-0.83,-33.0,-0.1875,40.75,0.4066666666666667,-0.014444444444444444,0.4866666666666667,295.9375,-75.5,107.1875,152797184.0,-141213696.0,136953856.0,96796672.0,-0.61,0.55,0.0,-9.49,-2.34,-0.72
240,2421.9460000000004,11,-10.41,-1.6,-1.18,-33.0,-0.1875,40.75,0.41444444444444445,0.0033333333333333335,0.53,288.0,-75.75,107.1875,152911872.0,-140460032.0,137560064.0,96829440.0,-0.9,0.69,-0.47,-9.5,-2.3,-0.71
241,2432.918,10,-11.36,-1.73,-1.5,-33.0,-0.1875,40.75,0.3322222222222222,0.11222222222222222,0.5444444444444444,288.0,-76.0,107.5625,152911872.0,-139804672.0,138231808.0,96845824.0,-1.85,0.51,-0.79,-8.23,-2.25,-0.71
242,2441.852,8,-11.36,-1.73,-1.5,-33.875,1.6875,39.1875,0.3511111111111111,0.17888888888888888,0.5511111111111111,295.875,-76.25,108.125,152764416.0,-139264000.0,138887168.0,96894976.0,-2.38,0.02,-0.89,-8.24,-2.2,-0.72
243,2450.862,9,-10.62,-2.17,-1.61,-33.875,1.6875,39.1875,0.12333333333333334,0.19444444444444445,0.4922222222222222,295.8125,-76.5,108.75,152584192.0,-138821632.0,139476992.0,96960512.0,-4.21,-0.97,-1.01,-9.53,-2.16,-0.73
244,2460.892,10,-11.18,-3.13,-1.74,-33.875,1.6875,39.1875,0.11777777777777777,0.1511111111111111,0.4,295.75,-76.6875,109.1875,152469504.0,-138444800.0,139984896.0,96976896.0,-2.77,-1.18,-1.02,-9.54,-2.12,-0.74
245,2472.045,11,-10.71,-3.14,-1.74,-33.875,1.6875,39.1875,0.3188888888888889,0.07222222222222222,0.31,295.8125,-76.8125,109.4375,152502272.0,-138035200.0,140378112.0,96944128.0,-2.44,-1.03,-0.99,-9.54,-2.1,-0.74
246,2482.961,10,-11.19,-2.43,-1.55,-33.875,1.6875,39.1875,0.3988888888888889,0.0077777777777777776,0.2677777777777778,295.875,-76.9375,109.4375,152633344.0,-137560064.0,140738560.0,96878592.0,-1.64,-0.34,-0.81,-8.27,-2.08,-0.73
247,2491.915,8,-11.19,-2.43,-1.55,-32.75,3.5,39.1875,0.30777777777777776,-0.035555555555555556,0.23666666666666666,288.0,-77.0625,109.3125,152846336.0,-137052160.0,141082624.0,96780288.0,-2.38,-0.16,-0.76,-8.27,-2.06,-0.72
248,2500.922,9,-10.66,-2.22,-1.49,-32.75,3.5,39.1875,0.3488888888888889,-0.03,0.21888888888888888,288.125,-77.1875,109.125,153075712.0,-136527872.0,141426688.0,96632832.0,-0.52,0.21,-0.79,-9.56,-2.04,-0.71
249,2511.728,10,-8.8,-1.83,-1.5,-32.75,3.5,39.1875,0.3422222222222222,0.034444444444444444,0.22111111111111112,288.3125,-77.3125,109.125,155369472.0,-136036352.0,141819904.0,96436224.0,-0.2,0.67,-0.68,-9.56,-2.03,-0.7
250,2522.784,11,-8.42,-0.86,-1.37,-32.75,3.5,39.1875,0.3844444444444444,0.10555555555555556,0.23666666666666666,288.4375,-77.4375,109.3125,155435008.0,-135643136.0,142229504.0,96288768.0,-0.13,1.14,-0.67,-9.57,-2.01,-0.7
251,2534.021,11,-8.92,-0.86,-1.5,-32.75,3.5,39.1875,0.09444444444444444,0.1922222222222222,0.2877777777777778,288.4375,-77.5,109.875,155320320.0,-135364608.0,142655488.0,96223232.0,-0.63,1.12,-0.78,-8.29,-1.98,-0.71
252,2542.876,8,-10.98,-1.42,-1.48,-33.0625,5.25,38.75,0.06777777777777778,0.30333333333333334,0.35555555555555557,288.3125,-77.625,110.875,152895488.0,-135200768.0,143147008.0,96239616.0,-1.39,0.52,-0.73,-8.3,-1.95,-0.74
253,2551.8,8,-10.98,-1.42,-1.48,-33.0625,5.25,38.75,-0.21222222222222223,0.31555555555555553,0.36444444444444446,288.125,-77.75,112.0,152469504.0,-135151616.0,143572992.0,96354304.0,-1.78,-0.32,-0.8,-9.58,-1.92,-0.77
254,2562.103,10,-11.39,-3.23,-1.67,-33.0625,5.25,38.75,-0.21777777777777776,0.24888888888888888,0.32,295.875,-77.875,112.9375,152109056.0,-135102464.0,143933440.0,96485376.0,-1.8,-1.34,-0.87,-9.58,-1.89,-0.8
255,2573.095,10,-11.07,-3.11,-1.7,-33.0625,5.25,38.75,0.042222222222222223,0.16,0.2822222222222222,295.8125,-78.0,113.5625,153993216.0,-134955008.0,144244736.0,96550912.0,-1.47,-1.25,-0.89,-9.59,-1.86,-0.81
256,2584.549,11,-10.74,-2.73,-1.52,-33.0625,5.25,38.75,0.08,0.09333333333333334,0.2788888888888889,295.8125,-78.125,113.9375,151846912.0,-134643712.0,144605184.0,96550912.0,-2.42,-0.89,-0.7,-8.31,-1.84,-0.81
257,2593.401,8,-8.51,-1.49,-1.36,-23.75,6.0,38.0625,0.36,0.035555555555555556,0.3233333333333333,295.8125,-78.25,114.1875,151912448.0,-134168576.0,144998400.0,96501760.0,-1.47,0.32,-0.54,-8.32,-1.81,-0.81
258,2602.253,8,-7.97,-1.03,-1.39,-23.75,6.0,38.0625,0.3888888888888889,0.0,0.41,295.8125,-78.4375,114.4375,151961600.0,-133595136.0,145440768.0,96534528.0,0.35,0.74,-0.58,-9.6,-1.78,-0.8
259,2613.156,10,-8.13,-0.71,-1.46,-23.75,6.0,38.0625,0.30333333333333334,0.12,0.4477777777777778,295.75,-78.6875,115.0625,153960448.0,-133120000.0,145948672.0,96583680.0,0.19,1.02,-0.64,-9.61,-1.74,-0.81
260,2624.578,11,-8.47,-0.83,-1.51,-23.75,6.0,38.0625,0.12,0.2511111111111111,0.49777777777777776,295.625,-78.8125,116.1875,153632768.0,-132808704.0,146505728.0,96698368.0,-0.13,0.86,-0.67,-8.34,-1.64,-0.87
261,2636.114,11,-10.66,-1.96,-1.27,-23.75,6.0,38.0625,-0.21666666666666667,0.3622222222222222,0.5166666666666667,295.3125,-79.0,117.8125,150994944.0,-132661248.0,147062784.0,96911360.0,-2.31,-0.31,-0.4,-9.62,-1.64,-0.87
262,2645.243,9,-10.94,-2.5,-1.12,-33.1875,7.5,37.5625,-0.18222222222222223,0.41444444444444445,0.47888888888888886,295.0,-79.125,119.5625,152469504.0,-132661248.0,147587072.0,97124352.0,-1.31,-0.89,-0.21,-8.35,-1.6,-0.91
263,2654.328,9,-10.95,-2.71,-1.05,-33.1875,7.5,37.5625,-0.16777777777777778,0.38666666666666666,0.4166666666666667,294.6875,-79.1875,121.25,151896064.0,-132661248.0,148045824.0,97288192.0,-1.31,-1.15,-0.1,-9.63,-1.56,-0.94
264,2665.445,11,-10.85,-2.37,-1.1,-33.1875,7.5,37.5625,-0.07333333333333333,0.3277777777777778,0.3711111111111111,294.5,-79.3125,122.625,151453696.0,-132612096.0,148488192.0,97402880.0,-2.2,-0.43,-0.09,-8.35,-1.49,-1.0
265,2676.88,11,-10.56,-1.93,-1.1,-33.1875,7.5,37.5625,-0.01,0.31,0.3433333333333333,294.3125,-79.375,123.9375,148602880.0,-132431872.0,149356544.0,97468416.0,-2.28,-0.36,0.08,-9.64,-1.46,-1.03
266,2688.352,11,-10.64,-1.83,-0.95,-33.1875,7.5,37.5625,0.012222222222222223,0.3277777777777778,0.31666666666666665,294.1875,-79.375,125.25,150700032.0,-132431872.0,149356544.0,97468416.0,-2.29,-0.12,0.36,-9.64,-1.44,-1.06
267,2697.408,9,-10.65,-1.56,-0.7,-32.5625,6.75,37.25,0.011111111111111112,0.3288888888888889,0.28888888888888886,294.0625,-79.4375,126.5,148242432.0,-132366336.0,149782528.0,97468416.0,-2.03,0.2,0.52,-9.64,-1.41,-1.09
268,2706.481,9,-10.39,-1.21,-0.56,-32.5625,6.75,37.25,-0.05333333333333334,0.3022222222222222,0.27444444444444444,293.875,-79.4375,127.75,147423232.0,-132399104.0,150470656.0,97632256.0,-1.99,0.15,0.57,-9.64,-1.38,-1.12
269,2717.96,11,-10.35,-1.23,-0.54,-32.5625,6.75,37.25,-0.16111111111111112,0.30444444444444446,0.2788888888888889,293.375,-79.4375,130.4375,146882560.0,-132546560.0,150749184.0,97796096.0,-2.07,0.0,0.68,-9.64,-1.36,-1.16
270,2729.031,11,-10.43,-1.36,-0.47,-32.5625,6.75,37.25,-0.3488888888888889,0.3411111111111111,0.2577777777777778,293.0625,-79.4375,131.875,148389888.0,-132775936.0,150994944.0,98025472.0,-2.01,-0.1,0.75,-9.64,-1.33,-1.19
271,2739.618,10,-10.37,-1.43,-0.44,-32.5625,6.75,37.25,-0.4911111111111111,0.3411111111111111,0.2577777777777778,292.75,-79.375,133.25,147800064.0,-133038080.0,151191552.0,98254848.0,-1.99,-0.28,0.67,-9.64,-1.3,-1.23
272,2748.6150000000002,8,-10.35,-1.59,-0.55,-33.6875,7.875,36.1875,-0.5422222222222223,0.3288888888888889,0.2288888888888889,292.75,-79.375,133.25,147243008.0,-133316608.0,151339008.0,98500608.0,-2.12,-0.44,0.67,-9.63,-1.28,-1.26
273,2757.727,9,-10.48,-1.72,-0.58,-33.6875,7.875,36.1875,-0.39444444444444443,0.29333333333333333,0.19555555555555557,292.125,-79.375,135.4375,146800640.0,-133545984.0,151437312.0,98697216.0,-2.06,-0.57,0.63,-9.63,-1.26,-1.28
274,2768.6220000000003,10,-10.42,-1.84,-0.65,-33.6875,7.875,36.1875,-0.3333333333333333,0.22444444444444445,0.15666666666666668,291.9375,-79.3125,136.0625,144408576.0,-133693440.0,151486464.0,98861056.0,-2.01,-0.59,0.35,-9.63,-1.25,-1.3
275,2779.541,10,-10.37,-1.85,-0.94,-33.6875,7.875,36.1875,-0.2544444444444444,0.04111111111111111,0.0811111111111111,291.8125,-79.375,136.375,144261120.0,-133726208.0,151519232.0,98975744.0,-1.75,-0.38,0.22,-9.63,-1.24,-1.3
276,2789.914,10,-8.82,-1.63,-1.08,-33.6875,7.875,36.1875,-0.2544444444444444,0.04111111111111111,0.0811111111111111,291.8125,-79.375,136.5625,144228352.0,-133677056.0,151568384.0,99024896.0,-1.48,-0.09,0.13,-9.63,-1.23,-1.3
277,2798.975,9,-8.56,-1.33,-1.17,-33.25,8.25,36.5625,-0.1511111111111111,-0.006666666666666667,0.07333333333333333,291.8125,-79.375,136.5625,144228352.0,-133578752.0,151633920.0,99057664.0,-1.37,0.18,0.12,-9.64,-1.23,-1.3
278,2808.071,9,-8.46,-1.04,-1.18,-33.25,8.25,36.5625,0.05,-0.0077777777777777776,0.08222222222222222,291.75,-79.4375,136.9375,144211968.0,-133464064.0,151732224.0,99090432.0,0.0,0.47,0.19,-9.64,-1.22,-1.3
279,2819.066,10,-8.35,-0.75,-1.11,-33.25,8.25,36.5625,0.057777777777777775,0.01,0.10777777777777778,291.6875,-79.5,137.25,144113664.0,-133398528.0,151846912.0,99139584.0,0.0,0.59,0.28,-9.64,-1.21,-1.31
280,2830.058,10,-8.35,-0.62,-1.02,-33.25,8.25,36.5625,-0.23222222222222222,0.09111111111111111,0.11,291.5625,-79.5,137.75,143949824.0,-133414912.0,151928832.0,99221504.0,-1.45,0.48,0.39,-9.64,-1.2,-1.32
281,2840.212,10,-8.53,-0.71,-0.92,-33.25,8.25,36.5625,-0.09,0.09111111111111111,0.11,291.4375,-79.4375,138.1875,143704064.0,-133562368.0,151961600.0,99336192.0,-1.68,0.17,0.53,-9.64,-1.19,-1.33
282,2849.332,9,-8.76,-1.01,-0.8,-33.75,9.0625,36.875,-0.19555555555555557,0.11444444444444445,0.06888888888888889,291.4375,-79.4375,138.1875,143491072.0,-133726208.0,151928832.0,99483648.0,-1.74,0.0,0.44,-9.64,-1.18,-1.34
283,2858.31,8,-8.82,-1.18,-0.89,-33.75,9.0625,36.875,-0.22555555555555556,0.07444444444444444,0.027777777777777776,291.1875,-79.4375,138.6875,143343616.0,-133873664.0,151846912.0,99614720.0,-1.78,-0.11,0.39,-9.64,-1.18,-1.34
284,2869.348,11,-10.14,-1.3,-0.95,-33.75,9.0625,36.875,-0.2777777777777778,-0.05444444444444444,-0.012222222222222223,299.0625,-79.4375,138.625,143310848.0,-133955584.0,151732224.0,99729408.0,-1.7,0.01,0.36,-9.64,-1.18,-1.34
285,2880.561,11,-8.79,-1.17,-0.98,-33.75,9.0625,36.875,-0.21777777777777776,-0.12555555555555556,-0.013333333333333334,299.0,-79.5,138.375,143360000.0,-133955584.0,151601152.0,99860480.0,-1.44,0.41,0.15,-9.64,-1.18,-1.33
286,2890.596,10,-8.53,-0.76,-1.17,-33.75,9.0625,36.875,-0.2088888888888889,-0.15888888888888889,-0.0033333333333333335,299.3125,-79.5625,138.125,143704064.0,-133496832.0,151846912.0,99598336.0,-1.38,0.48,0.08,-9.64,-1.18,-1.31
287,2899.7160000000003,9,-8.47,-0.69,-1.23,-33.5,8.75,36.1875,-0.2088888888888889,-0.15888888888888889,-0.0033333333333333335,299.25,-79.625,137.8125,143785984.0,-133480448.0,151666688.0,99778560.0,0.02,0.56,-0.04,-8.36,-1.18,-1.3
288,2908.803,9,-8.34,-0.61,-1.34,-33.5,8.75,36.1875,-0.08888888888888889,-0.17777777777777778,0.01,291.125,-79.6875,137.625,143818752.0,-133464064.0,151502848.0,99991552.0,0.19,0.67,-0.32,-8.36,-1.17,-1.29
289,2919.81,11,-8.17,-0.5,-1.61,-33.5,8.75,36.1875,-0.16555555555555557,-0.12444444444444444,0.044444444444444446,291.0,-79.75,137.5625,143769600.0,-133496832.0,151371776.0,100220928.0,0.19,0.65,-0.39,-9.65,-1.17,-1.28
290,2930.7889999999998,10,-8.17,-0.52,-1.67,-33.5,8.75,36.1875,-0.2111111111111111,-0.06444444444444444,0.05,290.8125,-79.8125,137.625,143671296.0,-133578752.0,151257088.0,100450304.0,0.06,0.42,-0.4,-8.37,-1.16,-1.27
291,2940.792,10,-8.3,-0.74,-1.67,-33.5,8.75,36.1875,-0.2388888888888889,-0.04111111111111111,0.04888888888888889,290.875,-79.875,137.8125,143720448.0,-133382144.0,151404544.0,100401152.0,0.02,0.24,-0.41,-8.37,-1.15,-1.27
292,2949.904,9,-8.34,-0.91,-1.69,-34.1875,8.375,36.5625,-0.2388888888888889,-0.04111111111111111,0.04888888888888889,290.6875,-79.875,137.9375,143589376.0,-133480448.0,151306240.0,100614144.0,-1.42,0.03,-0.39,-8.37,-1.14,-1.27
293,2958.884,8,-8.52,-1.11,-1.66,-34.1875,8.375,36.5625,-0.21888888888888888,-0.03888888888888889,0.043333333333333335,290.625,-79.9375,137.875,143523840.0,-133578752.0,151175168.0,100777984.0,-1.47,-0.13,-0.2,-8.37,-1.14,-1.27
294,2969.8030000000003,10,-8.57,-1.28,-1.47,-34.1875,8.375,36.5625,-0.2544444444444444,-0.09666666666666666,-0.02666666666666667,298.5625,-79.9375,137.6875,143523840.0,-133627904.0,151044096.0,100892672.0,-1.36,-0.1,-0.25,-9.65,-1.14,-1.26
295,2980.848,11,-8.46,-1.25,-1.52,-34.1875,8.375,36.5625,-0.19333333333333333,-0.12444444444444444,-0.02666666666666667,298.5,-80.0,137.375,143605760.0,-133627904.0,150913024.0,100990976.0,0.0,-0.05,-0.28,-8.37,-1.15,-1.25
296,2990.867,10,-8.36,-1.2,-1.54,-34.1875,8.375,36.5625,-0.14444444444444443,-0.13444444444444445,-0.013333333333333334,298.6875,-80.0,137.0625,143851520.0,-133349376.0,151011328.0,100859904.0,0.08,0.19,-0.31,-8.37,-1.15,-1.24
297,2999.969,9,-8.29,-0.95,-1.55,-32.6875,8.25,37.375,-0.14444444444444443,-0.13444444444444445,-0.013333333333333334,298.6875,-80.0,137.0625,143966208.0,-133267456.0,150929408.0,100925440.0,0.22,0.28,-0.4,-8.38,-1.15,-1.22
